{"0": 0.169161594775791, "1": 0.6912136727832865, "2": 0.0, "3": 0.0550021282336997, "4": 0.0, "5": 0.0, "6": 0.08462260420722284, "7": 0.0, "8": 0.0}