{"0": 0.3169705790113564, "1": 0.6070589453379595, "2": 0.0013152157415070986, "3": 0.022621170953487216, "4": 0.0006412719410874737, "5": 0.009266219544428793, "6": 0.03981837554774674, "7": 0.001171330606873981, "8": 0.001136891315552792}